<?xml version="1.0" encoding="UTF-8"?>
<project-private xmlns="http://www.netbeans.org/ns/project-private/1">
    <editor-bookmarks xmlns="http://www.netbeans.org/ns/editor-bookmarks/2" lastBookmarkId="0"/>
    <open-files xmlns="http://www.netbeans.org/ns/projectui-open-files/2">
        <group>
            <file>file:/home/dwanderson/NetBeansProjects/dander73_Servlet1/web/HikeForm.html</file>
            <file>file:/home/dwanderson/NetBeansProjects/dander73_Servlet1/src/java/dander73servlet1/HikeServlet.java</file>
        </group>
    </open-files>
</project-private>
